series_id,n,bias,rmse,mae
1,357,-0.6896933392174494,0.6971032602594008,0.6896933392174495
2,345,-2.3692087019337493,2.370999286424477,2.3692087019337493
3,309,0.21260436139461575,0.27078280045437164,0.23227833895450628
4,393,-1.9307956306881393,1.9796688234753648,1.9307956306881389
5,453,1.6200183832676973,1.6279654493417286,1.6200183832676973
6,309,0.25929084058503854,0.2800324027422556,0.26059655823021993
7,451,1.6237808991864349,1.6361947349487576,1.6237808991864349
8,439,-0.7811419675844253,0.7832675289244407,0.7811419675844253
9,189,0.060350552100262723,0.09577407663484061,0.07904378990951322
10,285,-0.29793679778213106,0.332498460659643,0.30017005726243146
11,237,-0.7837772718166095,0.7849742543810913,0.7837772718166095
12,105,0.2914473890431559,0.29764131123850235,0.2914473890431559
13,405,-1.2637159509670868,1.2742280392139331,1.2637159509670866
14,357,-1.740201278854524,1.7412793825928674,1.7402012788545245
15,285,-1.1271811342843676,1.1301557629141294,1.1271811342843676
16,381,-1.2446039960463566,1.2450659734275336,1.2446039960463566
17,439,-4.6369898864231125,4.666008745556422,4.636989886423112
18,417,0.2418432524698086,0.2572141444317664,0.24189266613115631
19,321,0.20366363362053624,0.2187379405678578,0.20366363362053624
20,297,-1.1374902266709288,1.14144856928461,1.1374902266709288
21,117,0.8635569422785695,0.8795983343492366,0.8635569422785695
22,297,-0.3204755197812471,0.34725872158001864,0.32159638452237804
23,429,-1.5975781502734225,1.5984750528633125,1.5975781502734225
24,357,-0.6101094959939594,0.6425363113927197,0.6105754502204795
25,201,0.9882578590441239,0.9897957833426032,0.9882578590441237
26,153,2.4897088608984297,2.4906107646147038,2.4897088608984297
27,141,-0.38847704712326003,0.39489996849559345,0.38847704712326003
28,345,-0.9224311880406025,0.9384089426878743,0.9224311880406025
29,201,-2.513778724450923,2.5221366252089816,2.513778724450923
30,357,-1.3565058717038168,1.357340312438237,1.3565058717038168
31,537,-2.699125379820732,2.7005426251837243,2.699125379820732
32,393,3.244552976725926,3.2511970857361567,3.244552976725927
33,489,2.927247873664823,2.94228213755886,2.927247873664823
34,465,0.3043557371830815,0.38350197528514024,0.35551242286056983
35,357,2.8846454847324865,2.8888723555292533,2.8846454847324865
36,237,1.704804671804895,1.7215603638149581,1.704804671804895
37,297,0.3203827432097372,0.37115445075071035,0.3203827432097372
38,417,-0.478546978770317,0.5819131757476046,0.478546978770317
39,429,-2.190679612203886,2.1918186885513142,2.190679612203886
40,369,-0.06296519679896824,0.20561077233364175,0.17924607655650857
41,57,0.5232017622050673,0.5245111416723397,0.5232017622050673
42,345,-1.0372045315473197,1.0418550070632477,1.03720453154732
43,475,3.991140392541447,4.006480960613296,3.9911403925414466
44,427,3.2143379959336054,3.21791101559822,3.2143379959336063
45,391,4.68535061675987,4.685999839180047,4.68535061675987
46,391,1.0602541812815693,1.0753150880935847,1.0602541812815693
47,284,-3.5425615528193606,3.543481595095824,3.542561552819361
48,307,-5.854588940545268,5.858512688544017,5.854588940545268
49,379,1.916920557594488,1.9209001201841318,1.916920557594488
50,153,-4.431148414671794,4.439180114809732,4.431148414671794
51,367,0.4841228376481853,0.5054307630767515,0.48412283764818537
52,344,0.46342175376565875,0.48715104111069235,0.4634217537656587
53,499,1.4821656109197543,1.488509558348984,1.4821656109197543
54,511,-1.213726473930584,1.2413285530919802,1.2155864627189998
55,499,0.6066631360101654,0.6266902179029723,0.6066631360101655
56,260,2.1130966521642383,2.1134002869990387,2.1130966521642387
57,343,4.5564359068657465,4.55908106438262,4.5564359068657465
58,260,-0.7577637115804751,0.764172369578462,0.7577637115804751
59,369,-0.2963141526892782,0.3001510488209846,0.2963141526892782
60,153,-1.5100811626263515,1.5191278493336855,1.5100811626263515
61,356,-0.3565317505138777,0.3918404875929041,0.3565317505138777
62,271,-4.9675235167848095,4.969947582923398,4.967523516784809
63,452,-2.8351923276883446,2.838608690267559,2.835192327688344
64,379,-0.4276034433098575,0.47260722620241213,0.4360135746091343
65,379,-1.364912303568015,1.3769258021360615,1.364912303568015
66,332,2.239475823914235,2.2422245097878446,2.2394758239142356
67,224,-0.8711756626270447,0.8720745422447759,0.8711756626270447
68,391,11.55245766132911,11.667027269858785,11.55245766132911
69,356,-0.5606277818722215,0.5624749298155601,0.5606277818722215
70,309,-0.11915063841019065,0.1560321292940068,0.1300666729086649
71,465,-0.6930696585157695,0.7100101402106832,0.6930696585157695
72,333,-2.090529060528368,2.0916522240023263,2.090529060528368
73,547,-1.9491573416793737,1.957770699305282,1.9491573416793737
74,465,-2.963979116366076,2.9652953789930647,2.963979116366076
75,429,-2.5847052889392863,2.5882643741428826,2.5847052889392867
76,381,1.5289845324919493,1.5332359919249436,1.5289845324919493
77,237,-0.3486384460540589,0.35151029807671064,0.34863844605405886
78,333,-0.8730677395412528,0.8839253351503831,0.8730677395412526
79,404,2.7407634854054117,2.741981597697096,2.7407634854054117
80,333,1.3146493939720247,1.315117903145185,1.3146493939720247
81,585,-1.6685806822479714,1.6751731100562692,1.6685806822479716
82,501,-0.10499160796679301,0.14680331234682667,0.13497828269429812
83,153,-2.667413949310082,2.676589303273854,2.6674139493100815
84,237,-0.4438973549594359,0.4459348647841299,0.4438973549594359
85,451,2.4130213723993985,2.4271996890661636,2.413021372399399
86,248,0.4624440838044647,0.54758845066142,0.4624440838044648
87,248,-2.7078762073555858,2.7117395397385753,2.7078762073555858
88,259,-0.9983814357962197,1.0001901214840694,0.9983814357962197
89,441,-0.9228221702123031,0.9282429344373984,0.922822170212303
90,189,-1.3110396270130065,1.311672525640094,1.3110396270130065
91,477,3.08810004876405,3.089515578450038,3.08810004876405
92,726,-6.138535474496139,6.141012531150476,6.1385354744961385
93,415,-0.05156268135089917,0.2153497844356563,0.17465896680640577
94,391,5.723144282709761,5.725794446101112,5.723144282709761
95,283,-0.5781330844786426,0.5795567675272738,0.5781330844786426
96,416,-1.2751300699416817,1.2760823784473858,1.2751300699416817
97,225,2.139329748748049,2.141982340250199,2.139329748748049
98,284,2.6069358363220365,2.612627272289957,2.6069358363220365
99,152,-0.005447606884907564,0.1283417165828043,0.10632760134046575
100,224,-5.039544973002357,5.041233995428841,5.039544973002356
101,343,0.5230459521212153,0.5309519484003714,0.5230459521212153
102,93,0.7502134120557884,0.7539630861169954,0.7502134120557884
103,211,1.3965281572377957,1.3973992873900811,1.3965281572377957
104,381,8.607525916256462,8.610773695844355,8.607525916256463
105,284,-1.7111813146084585,1.7130342722969152,1.7111813146084582
106,511,0.8638474803867312,0.907145943125675,0.8643212962266462
107,236,-0.24509589377756597,0.26502415569393944,0.24509589377756597
108,415,-1.6592204259374312,1.6599962011867468,1.6592204259374312
109,259,-1.2389241436247809,1.2421063238057333,1.2389241436247809
110,57,-0.09970007980172084,0.10682215593778403,0.09970007980172084
111,357,1.1045784729123365,1.1068952796623839,1.1045784729123367
112,344,0.3129467014800134,0.32532874461029265,0.31294670148001336
113,117,0.44168870204732275,0.4464744091763729,0.44168870204732275
114,439,1.4976338675389627,1.4995518916348705,1.4976338675389624
115,379,-1.1485528613607405,1.1580127475060704,1.1485528613607405
116,368,-2.3884205221684702,2.391646582570824,2.3884205221684702
117,368,-1.2834844141325645,1.2850774247790233,1.2834844141325643
118,426,0.2548656582998933,0.2882802581741446,0.25845892862400943
119,475,-1.4989775573350776,1.5029519131149287,1.4989775573350776
120,415,0.4886361406117188,0.5052880372883777,0.4886361406117188
121,261,2.0893324829975954,2.0984346282385737,2.089332482997596
122,1486,-1.036102177630136,1.0451215409883898,1.036102177630136
123,345,-5.2593670915997714,5.269020578591969,5.2593670915997714
124,81,-1.7203937771679765,1.7219424744417953,1.7203937771679765
125,309,-1.0554821247829085,1.0622982210210308,1.0554821247829083
126,332,1.233237338114549,1.2415992328433874,1.233237338114549
127,297,-0.7184326466200525,0.7248215802221614,0.7184326466200525
128,525,9.044805440473548,9.076644586649843,9.044805440473548
129,393,-0.5083301810721979,0.5459875127743113,0.5083301810721979
130,453,3.1775056355630014,3.183147512221516,3.1775056355630014
131,380,-0.6610376674926834,0.667170670820042,0.6610376674926834
133,357,-1.9044848941360686,1.9062346601823847,1.9044848941360686
134,321,-0.4035504677097256,0.4105057115576038,0.4035504677097255
135,201,-0.3190712002350601,0.32167412815316404,0.3190712002350601
136,225,-1.9920815050837606,2.00052409478423,1.9920815050837606
137,117,-0.6257803906504816,0.639049723997248,0.6257803906504816
138,477,2.191472153994528,2.1928244567050146,2.1914721539945283
139,369,2.6493137091006904,2.6561414833853383,2.64931370910069
140,345,-0.23453721194527882,0.2707201951670941,0.23980738372690402
141,357,-0.8332568787567193,0.8595255220398075,0.833770467210279
142,441,-0.3158755546998894,0.3996752314486303,0.3158755546998894
143,453,-1.1043379863730798,1.1057876083434548,1.1043379863730798
144,357,0.11966432413913533,0.1253525858307782,0.11966432413913533
145,249,2.616886825379387,2.6208074006067643,2.616886825379387
146,273,3.8727993176888096,3.8752288195209563,3.8727993176888096
147,381,1.4703350525360308,1.4734546330040854,1.4703350525360308
148,129,-0.17493832999388312,0.17959848159753358,0.17493832999388312
149,165,-1.3541322280451111,1.3564988559218805,1.3541322280451111
150,427,-0.8883816966808554,0.8921727587744592,0.8883816966808555
151,344,-0.030694454303982103,0.05428779779055409,0.03949665080198108
152,153,0.10002896763765382,0.13901137786519077,0.11361218935883327
153,392,-1.2284815199551913,1.2397128020590162,1.2284815199551913
154,381,-0.6917983497475472,0.7029442243725641,0.6917983497475472
155,309,2.7210229833686705,2.7221768966366833,2.7210229833686705
156,273,1.3724041087019598,1.3760855018122284,1.3724041087019598
157,191,-2.1391793147529734,2.1405877610169934,2.1391793147529734
158,357,1.9337270189990228,1.9781313164131653,1.9337270189990228
159,453,-0.04213858350686991,0.20966693299465336,0.1633855890351085
160,249,-1.8452377107144216,1.8491635679562268,1.8452377107144216
161,392,2.1868799487173423,2.1885672706917463,2.1868799487173423
162,453,-0.23297253155973904,0.248325188541338,0.23367693885694577
163,344,-0.3294014188439292,0.3338621640595537,0.3294014188439292
164,488,-4.842877733157589,5.036056676209295,4.842877733157589
165,345,-0.042437621679760645,0.10811620085277641,0.08742523594120884
166,357,-1.666436002552502,1.6680837358143297,1.6664360025525022
167,381,0.5711152949196479,0.5778697446938539,0.5711152949196479
168,487,-1.513932997492088,1.5153371300189131,1.5139329974920883
169,333,2.3107753809751412,2.315531459952373,2.3107753809751412
170,309,2.0495698895872048,2.0531181783475883,2.0495698895872048
171,141,-0.21770714343428996,0.25575930497611016,0.23166238284216473
172,261,2.9892905140496833,2.991159251514306,2.9892905140496833
173,141,-2.0525871077445594,2.052970794323639,2.0525871077445594
174,237,-0.011052311788570706,0.10071995102494138,0.0834971573730511
175,333,1.2367716389919072,1.2385723950343355,1.2367716389919072
176,105,-2.302180323044088,2.3023626621197306,2.302180323044088
177,284,0.6810603108267738,0.7009988417617686,0.6810603108267739
178,308,-0.4106061063135388,0.4128304782986554,0.4106061063135388
179,57,-0.19396210160638708,0.19828863963293739,0.19396210160638708
180,369,6.345210534507269,6.354217998874706,6.34521053450727
181,165,0.8615706384853742,0.8644925756113148,0.8615706384853743
182,285,-2.3536593382390842,2.3541959989966665,2.3536593382390842
183,393,-0.5054328082452425,0.514553366576099,0.5054328082452425
184,260,0.036438848556361716,0.1997922050680937,0.17311248548933422
185,129,-0.562394689198523,0.564977257305463,0.562394689198523
186,249,-1.078296737851239,1.107173903348023,1.0782967378512387
187,182,-1.8976739488126146,1.9003010615619522,1.897673948812615
188,333,-0.8454894947571686,0.8480460787414164,0.8454894947571687
189,153,0.4146533816065493,0.42452950261553485,0.4146533816065493
190,208,-1.0948292101718218,1.1111889351091335,1.0948292101718218
191,368,1.005547869677326,1.018304622705358,1.005547869677326
192,380,4.456053055807556,4.469866428318422,4.456053055807556
193,380,0.1837416308823905,0.22033577347691458,0.18578777509232913
194,719,-0.0432942190728711,0.06184938924758553,0.05113869597996659
195,392,0.35434162579541806,0.3617111417583111,0.354341625795418
196,331,-1.3043386887693291,1.3054046042627443,1.3043386887693291
197,116,1.8267919880837735,1.8315780428490516,1.8267919880837735
198,489,3.3626551664616606,3.3815189449730565,3.362655166461661
199,427,2.99514457348981,3.0040955723766976,2.99514457348981
200,105,0.11954713362931677,0.1313546806366405,0.11954713362931677
201,343,2.951518953193694,2.9524091066453266,2.9515189531936934
202,284,1.0118314579123442,1.0132471664120088,1.011831457912344
203,343,5.371317999021955,5.376149281568192,5.371317999021955
204,224,1.350578151336031,1.354728585605413,1.350578151336031
205,140,-0.06827423461493658,0.08410951090085392,0.07573305268494426
206,325,-3.2559963821948226,3.2585656194751573,3.2559963821948226
207,451,-0.5348308098795953,0.549845320023501,0.5348308098795952
208,439,-0.39570557308387927,0.43660019470075073,0.39570557308387927
209,405,1.6851596307059198,1.6950095637134803,1.68515963070592
210,369,8.842793572451413,8.846060758024427,8.842793572451413
211,487,-2.2555996735126826,2.261418731472527,2.255599673512683
212,379,-0.12423269274531427,0.13000042694590094,0.1242326927453143
213,308,0.2585901880359096,0.27070017669543534,0.2585901880359096
214,379,-0.23735585965749592,0.2834245536504663,0.24675003644655966
215,405,-1.1588267684979356,1.165680958067107,1.1588267684979359
216,499,-2.5988683858430663,2.6058534747473523,2.598868385843067
217,225,-1.9796701960513063,1.9798118254653,1.9796701960513063
218,465,2.5229354124015306,2.556247999048053,2.522935412401531
219,381,-0.9351539209508258,0.9438759212847792,0.9351539209508258
220,261,-0.4850070984656718,0.49399783102662514,0.4850070984656718
221,202,-3.0556560536578523,3.0588677238473583,3.0556560536578523
222,189,-0.18086458917316978,0.2445006128291793,0.20733786740372348
223,596,0.6222850598272396,0.6301552051601914,0.6222850598272396
224,441,-2.8260058114170428,2.833648549941302,2.8260058114170428
225,296,0.579268101241159,0.5834695296303499,0.579268101241159
226,456,-2.4478216583959997,2.45726171943901,2.4478216583959997
227,296,-0.030698007566838267,0.051053064535105205,0.041266126041163684
228,320,-1.8952814605312263,1.8961954580334088,1.8952814605312263
229,525,-1.0627661166357691,1.0633850676235805,1.0627661166357691
230,369,0.9018511636679298,0.9070842113061344,0.9018511636679298
231,213,0.9197040556139906,0.9332795433416767,0.9197040556139905
233,369,-1.6673084844881285,1.6909240806332495,1.6673084844881285
234,273,-2.35113656588611,2.353198483651671,2.35113656588611
235,371,1.6973738701140744,1.698208320686557,1.6973738701140744
236,489,-0.46147079239132405,0.5146307684271706,0.46417304195727477
237,513,-2.172094651551667,2.1742539868793274,2.172094651551667
238,453,1.894706980480295,1.9196950507095745,1.894706980480295
239,105,-0.062445522960241244,0.07881821730791685,0.06607764538962312
240,237,-2.3742084849800364,2.374950964919111,2.3742084849800364
241,201,-0.41039316056530595,0.43107961972290854,0.4103931605653059
242,477,-0.18672041522941424,0.20047746357137092,0.18672041522941424
243,548,1.481162350508261,1.5117423943972268,1.481162350508261
244,333,-4.112996737733462,4.1212063494474185,4.112996737733462
245,261,-1.200401762625221,1.201881815016918,1.200401762625221
246,345,-1.6551824413244176,1.6753854041308565,1.655182441324418
247,285,-0.4418929359733928,0.4579754070379989,0.4418929359733928
248,465,-1.1220838983817951,1.1299220458438382,1.1220838983817951
249,405,0.4216076363022899,0.4323986981170458,0.42160763630229003
250,333,-0.1307940707247237,0.17269113071938896,0.14044836356446844
251,381,-0.855508854622276,0.8817737974760226,0.8560818496978074
252,189,-5.739039634048198,5.752201340707204,5.739039634048199
253,393,1.0901688983059967,1.0948734460015501,1.0901688983059967
254,285,0.48839023681604704,0.497964148831535,0.48839023681604704
255,321,-0.8702332257856068,0.8720045363453846,0.8702332257856066
256,441,1.605214165762933,1.6117324707494656,1.605214165762933
257,368,0.24735193242622602,0.2521219408182824,0.247351932426226
258,93,1.4700609436085161,1.48329450981688,1.4700609436085161
259,141,-0.6900626583461025,0.6916702590168188,0.6900626583461026
260,318,-0.6588428426165099,0.6703507866820014,0.6588428426165099
261,417,0.9992021375726678,1.0275105745159627,0.9992021375726678
262,309,-2.2967499268878244,2.300354079863404,2.2967499268878244
263,441,-0.20166596435562573,0.22808292724102325,0.21156647164061218
264,233,1.3357891999393854,1.3848640396031675,1.3357891999393854
265,441,-0.895250396667247,0.9127116532816624,0.895250396667247
266,153,0.9694362344218878,0.9709594088776109,0.9694362344218878
267,273,0.9462995400854876,0.9524976330186607,0.9462995400854876
268,345,-1.0216856566834844,1.0267743044196969,1.0216856566834847
269,261,-1.8139873420432155,1.8266562797351342,1.8139873420432155
270,237,-2.382757106265924,2.383229127899121,2.382757106265924
271,441,-0.8111700163471861,0.820552292278097,0.8111700163471862
272,501,-0.7485488733466709,0.7877927520580286,0.7485488733466709
273,345,0.20001696466608082,0.2123125492384704,0.20001696466608082
274,393,-0.8304102215843703,0.8334476326778788,0.8304102215843702
275,345,-1.071165702024884,1.0738803469085596,1.071165702024884
276,177,1.7900084543992931,1.7905066716297915,1.7900084543992931
277,441,-0.9307688482160102,0.9411090180580538,0.9307688482160102
278,405,0.23477550440785347,0.2655633373008612,0.23545629243722216
